{
	"IcoMoonType": "selection",
	"icons": [
		{
			"icon": {
				"paths": [
					"M736 64c-76.928 0-138.592 27.616-192.96 82.016-0.032 0.032-0.064 0.064-0.096 0.096h-0.032l-30.912 38.944-30.912-36.576c-0.032-0.032-0.064-0.064-0.096-0.096h-0.032c-54.4-54.432-116.032-84.384-192.96-84.384s-149.248 29.952-203.648 84.352c-54.368 54.4-84.352 126.72-84.352 203.648 0 76.864 29.92 149.184 84.256 203.552l382.304 385.504c12 12.128 28.384 18.944 45.44 18.944s33.44-6.816 45.44-18.944l382.272-385.504c54.336-54.368 84.288-126.656 84.288-203.552 0-76.928-29.984-149.248-84.352-203.648-54.4-54.4-126.72-84.352-203.648-84.352v0z"
				],
				"tags": [
					"heart",
					"love",
					"favorite",
					"like"
				],
				"grid": 16
			},
			"properties": {
				"id": 45,
				"order": 1,
				"prevSize": 32,
				"code": 58880,
				"name": "heart",
				"ligatures": ""
			},
			"setIdx": 0,
			"iconIdx": 45
		},
		{
			"icon": {
				"paths": [
					"M983.072 216.768l-294.304 296.096 294.304 294.336c12.32 12.288 12.32 32.224 0 44.544l-133.632 133.6c-12.256 12.32-32.192 12.32-44.512 0l-293.824-293.824-292.064 293.824c-12.288 12.32-32.224 12.32-44.544 0l-133.6-133.6c-12.288-12.32-12.288-32.256 0-44.544l292.064-293.824-292.032-292.032c-12.288-12.288-12.288-32.224 0-44.544l133.6-133.6c12.288-12.32 32.224-12.32 44.544 0l291.52 291.52 294.368-296.096c12.32-12.32 32.256-12.32 44.512 0l133.632 133.6c12.256 12.32 12.256 32.256-0.032 44.544z"
				],
				"tags": [
					"cancel",
					"close",
					"dismiss"
				],
				"grid": 16
			},
			"properties": {
				"id": 65,
				"order": 2,
				"prevSize": 32,
				"code": 58881,
				"name": "cancel",
				"ligatures": ""
			},
			"setIdx": 0,
			"iconIdx": 65
		}
	],
	"height": 1024,
	"metadata": {
		"name": "icomoon"
	},
	"preferences": {
		"fontPref": {
			"prefix": "icon-",
			"metadata": {
				"fontFamily": "icomoon"
			},
			"showGlyphs": true,
			"metrics": {
				"emSize": 512,
				"baseline": 6.25,
				"whitespace": 50
			},
			"resetPoint": 58880,
			"showQuickUse": true,
			"quickUsageToken": false,
			"showMetrics": true,
			"showMetadata": false
		},
		"imagePref": {
			"color": 0,
			"height": 32,
			"columns": 16,
			"margin": 16,
			"png": false,
			"sprites": true
		},
		"historySize": 100,
		"showCodes": true,
		"gridSize": 16,
		"showLiga": false,
		"showGrid": true,
		"showGlyphs": true,
		"showQuickUse": true
	}
}